split,model,comparison_role,row_count,mae,rmse,r2,wape,note
TRAIN,Seasonal Naive,TIME_SERIES_BASELINE,30492,4.617768595041323,7.489738924980696,0.950735913958939,0.1055573047858942,7일 전 실적이 존재하는 공통 비교구간
TRAIN,XGBRegressor,TUNED_CANDIDATE_SELECTED,30492,0.4591368227731864,0.7669976870381133,0.9994833633879252,0.0104953820319059,7일 전 실적이 존재하는 공통 비교구간
TRAIN,LGBMRegressor,TUNED_CANDIDATE_POSTHOC,30492,0.5025580480125935,0.8150090800742266,0.9994166597200936,0.0114879453040662,7일 전 실적이 존재하는 공통 비교구간
VALIDATION,Seasonal Naive,TIME_SERIES_BASELINE,10220,4.745205479452054,7.619010110801347,0.9540064685670336,0.1019873399087295,전체 검증구간
VALIDATION,XGBRegressor,TUNED_CANDIDATE_SELECTED,10220,0.9140900195694716,1.4813253704804232,0.9982613963835396,0.019646274526298,전체 검증구간
VALIDATION,LGBMRegressor,TUNED_CANDIDATE_POSTHOC,10220,0.9253424657534246,1.4847232506819108,0.998253411180093,0.0198881201236567,전체 검증구간
TEST,Seasonal Naive,TIME_SERIES_BASELINE,5852,4.617224880382775,7.3370658907473,0.9555957924887128,0.100594183258626,최종 1회 평가구간
TEST,XGBRegressor,TUNED_CANDIDATE_SELECTED,5852,0.7993848257006152,1.3083934308105138,0.9985879307526694,0.0174159729564712,최종 1회 평가구간
TEST,LGBMRegressor,TUNED_CANDIDATE_POSTHOC,5852,0.8038277511961722,1.3172445816039124,0.9985687611162511,0.0175127697279266,XGB 선정 고정 후 수행한 사후 비교 감사이며 모델 선정 미사용
