split,model,evaluation_rows,mae,rmse,wape,r2,note
TRAIN,Seasonal Naive,30492,4.617768595041323,7.489738924980696,0.1055573047858942,0.950735913958939,7일 전 실적이 존재하는 공통 비교구간
TRAIN,XGBRegressor,30492,0.4591368227731864,0.7669976870381133,0.010495382031905962,0.9994833633879253,7일 전 실적이 존재하는 공통 비교구간
TRAIN,LGBMRegressor,30492,0.5025580480125935,0.8150090800742266,0.01148794530406621,0.9994166597200936,7일 전 실적이 존재하는 공통 비교구간
VALIDATION,Seasonal Naive,10220,4.745205479452054,7.619010110801347,0.10198733990872957,0.9540064685670335,전체 검증구간
VALIDATION,XGBRegressor,10220,0.9140900195694717,1.4813253704804232,0.01964627452629808,0.9982613963835397,전체 검증구간
VALIDATION,LGBMRegressor,10220,0.9253424657534246,1.4847232506819108,0.019888120123656705,0.998253411180093,전체 검증구간
TEST,Seasonal Naive,5852,4.617224880382775,7.3370658907473,0.10059418325862608,0.9555957924887127,최종 1회 평가구간
TEST,XGBRegressor,5852,0.7993848257006152,1.3083934308105138,0.017415972956471237,0.9985879307526694,최종 1회 평가구간
TEST,LGBMRegressor,5852,0.8038277511961722,1.3172445816039124,0.017512769727926612,0.9985687611162513,XGB 선정 고정 후 수행한 사후 비교 감사이며 모델 선정 미사용
