split,model,rows,positive_rate,threshold,pr_auc,roc_auc,precision,recall,f1,brier_score,tn,fp,fn,tp,alert_rate,top_fraction,selected_rows,recall_at_15,precision_at_15,lift_at_15,score_cutoff_at_15
TRAIN,PriorProbability,109770,0.008335610822629133,0.008335610822629133,0.008335610822629133,0.5,0.008335610822629133,1.0,0.01653340561051633,0.008266128414842807,0,108855,0,915,1.0,0.15,16466,0.14098360655737704,0.007834325276326977,0.9398621700354232,0.008335610822629133
TRAIN,LogisticRegression,109770,0.008335610822629133,0.015165358285366045,0.014758826575191161,0.6765296241829696,0.01628357505628567,0.33989071038251367,0.031078245228340164,0.00823836774133652,90067,18788,604,311,0.17399107224196048,0.15,16466,0.2972677595628415,0.016518887404348353,1.981724885656086,0.015471921479210525
TRAIN,LogisticRegressionBalanced,109770,0.008335610822629133,0.6734150668371921,0.014730926223516847,0.6769214021861438,0.016910069177555727,0.14426229508196722,0.03027175782593739,0.22775909196701297,101181,7674,783,132,0.07111232577206887,0.15,16466,0.28415300546448086,0.015790112960038866,1.8942958465830233,0.6537684916351306
TRAIN,HistGradientBoostingClassifier,109770,0.008335610822629133,0.014911442734051573,0.027040391008026816,0.7330470699353655,0.023726495726495725,0.37923497267759565,0.04465894465894466,0.008218121307221904,94577,14278,568,347,0.13323312380431812,0.15,16466,0.40437158469945356,0.022470545366209158,2.6957287047527645,0.014583324716621437
VALIDATION,PriorProbability,36600,0.008224043715846995,0.008335610822629133,0.008224043715846995,0.5,0.008224043715846995,1.0,0.016313921031950354,0.00815642126802615,0,36299,0,301,1.0,0.15,5490,0.14285714285714285,0.007832422586520947,0.9523809523809523,0.008335610822629133
VALIDATION,LogisticRegression,36600,0.008224043715846995,0.015165358285366045,0.01429833124401918,0.6664577765383284,0.01639344262295082,0.29900332225913623,0.031082714557071317,0.008131159307761577,30899,5400,211,90,0.15,0.15,5490,0.29900332225913623,0.01639344262295082,1.9933554817275747,0.015165358285366045
VALIDATION,LogisticRegressionBalanced,36600,0.008224043715846995,0.6734150668371921,0.014362452555012003,0.6659601561376676,0.015115643780732107,0.2757475083056478,0.028660220994475138,0.24627620526155608,30891,5408,218,83,0.15002732240437158,0.15,5490,0.2757475083056478,0.0151183970856102,1.8383167220376522,0.6734150668371921
VALIDATION,HistGradientBoostingClassifier,36600,0.008224043715846995,0.014911442734051573,0.016186900099400225,0.6686450822483142,0.017100236492632346,0.3122923588039867,0.032424974129010006,0.008130375631216536,30896,5403,207,94,0.15019125683060108,0.15,5490,0.3122923588039867,0.017122040072859744,2.0819490586932448,0.014911442734051573
TEST,LogisticRegression,20701,0.007680788367711705,0.015165358285366045,0.01356105647215191,0.6827463169490456,0.01446708001180986,0.3081761006289308,0.02763677382966723,0.007600288428762339,17204,3338,110,49,0.16361528428578329,0.15,3106,0.2893081761006289,0.014810045074050225,1.9281933526912811,0.015391550112058143
