split,model,comparison_role,rows,positive_rate,threshold,average_precision,roc_auc,precision,recall,f1,brier_score,tn,fp,fn,tp,alert_rate,recall_at_15,precision_at_15,lift_at_15
TRAIN,PriorProbability,BASELINE,109770,0.0083356108226291,0.0083356108226291,0.0083356108226291,0.5,0.0083356108226291,1.0,0.0165334056105163,0.0082661284148428,0,108855,0,915,1.0,0.140983606557377,0.0078343252763269,0.9398621700354232
TRAIN,LogisticRegression,BASELINE_MODEL,109770,0.0083356108226291,0.015165358285366,0.0147588265751911,0.6765296241829696,0.0162835750562856,0.3398907103825136,0.0310782452283401,0.0082383677413365,90067,18788,604,311,0.1739910722419604,0.2972677595628415,0.0165188874043483,1.981724885656086
TRAIN,LogisticRegressionBalanced,WEIGHTED_CANDIDATE,109770,0.0083356108226291,0.6734150668371921,0.0147309262235168,0.6769214021861438,0.0169100691775557,0.1442622950819672,0.0302717578259373,0.2277590919670129,101181,7674,783,132,0.0711123257720688,0.2841530054644808,0.0157901129600388,1.8942958465830235
TRAIN,HistGradientBoostingClassifier,TUNED_CANDIDATE,109770,0.0083356108226291,0.0149114427340515,0.0270403910080268,0.7330470699353655,0.0237264957264957,0.3792349726775956,0.0446589446589446,0.0082181213072219,94577,14278,568,347,0.1332331238043181,0.4043715846994535,0.0224705453662091,2.6957287047527645
VALIDATION,PriorProbability,BASELINE,36600,0.0082240437158469,0.0083356108226291,0.0082240437158469,0.5,0.0082240437158469,1.0,0.0163139210319503,0.0081564212680261,0,36299,0,301,1.0,0.1428571428571428,0.0078324225865209,0.9523809523809524
VALIDATION,LogisticRegression,BASELINE_MODEL,36600,0.0082240437158469,0.015165358285366,0.0142983312440191,0.6664577765383284,0.0163934426229508,0.2990033222591362,0.0310827145570713,0.0081311593077615,30899,5400,211,90,0.15,0.2990033222591362,0.0163934426229508,1.9933554817275747
VALIDATION,LogisticRegressionBalanced,WEIGHTED_CANDIDATE,36600,0.0082240437158469,0.6734150668371921,0.014362452555012,0.6659601561376676,0.0151156437807321,0.2757475083056478,0.0286602209944751,0.246276205261556,30891,5408,218,83,0.1500273224043715,0.2757475083056478,0.0151183970856102,1.838316722037652
VALIDATION,HistGradientBoostingClassifier,TUNED_CANDIDATE,36600,0.0082240437158469,0.0149114427340515,0.0161869000994002,0.6686450822483142,0.0171002364926323,0.3122923588039867,0.03242497412901,0.0081303756312165,30896,5403,207,94,0.150191256830601,0.3122923588039867,0.0171220400728597,2.0819490586932448
TEST,LogisticRegression,SELECTED_TEST_MODEL,20701,0.0076807883677117,0.015165358285366,0.0135610564721519,0.6827463169490456,0.0144670800118098,0.3081761006289308,0.0276367738296672,0.0076002884287623,17204,3338,110,49,0.1636152842857832,0.2893081761006289,0.0148100450740502,1.928193352691281
